privilege_level,role_pct_offhours,role_pct_export,role_mean_sens,role_pct_failure
admin,0.27175980585071496,0.1461038961038961,2.104273252000525,0.06604191263282172
power-user,0.25958286882199927,0.18893534002229656,2.232288182831661,0.05753437383872166
service-account,0.28073118206808045,0.14693009011190827,2.2313451699815334,0.05411322189397056
user,0.23935710511772992,0.1583182788847016,2.241957730951539,0.049750018955619854
