t_baseline,t_features,t_scoring,t_total,n_events,events_per_sec
0.9799492870000677,31.232514515999924,4.250594670999931,38.095760383999846,1000000,26249.640115334154
